ID,Job Title,Skills
1,Software Engineer,"Python, Java, C++, C, SQL, Git"
2,Data Scientist,"Python, R, Machine Learning, SQL, Data Visualization"
3,Machine Learning Engineer,"Python, TensorFlow, Keras, Deep Learning, Data Preprocessing"
4,Web Developer,"HTML, CSS, JavaScript, React, Node.js"
5,Business Analyst,"SQL, Data Analysis, Excel, Business Modeling, Reporting"
6,Product Manager,"Agile, Project Management, Roadmap Planning, Scrum, Stakeholder Communication"
7,Software Architect,"Java, Cloud Computing, System Design, Microservices, Architecture Planning"
8,Full Stack Developer,"Node.js, React, MongoDB, JavaScript, REST APIs"
9,HR Manager,"Recruitment, Employee Relations, Conflict Resolution, HR Software, Training"
10,Digital Marketing Specialist,"SEO, Google Analytics, Content Marketing, Social Media, SEM"
11,Cloud Engineer,"AWS, Azure, GCP, Cloud Security, DevOps"
12,DevOps Engineer,"Docker, Kubernetes, CI/CD, Terraform, Jenkins"
13,Frontend Developer,"HTML, CSS, JavaScript, React, Vue.js"
14,Backend Developer,"Python, Java, SQL, REST APIs, Microservices"
15,UX/UI Designer,"Figma, Adobe XD, Sketch, Prototyping, User Research"
16,QA Engineer,"Automation Testing, Manual Testing, Selenium, JUnit, Bug Tracking"
17,Network Administrator,"Routing, Switching, Firewalls, VPN, Network Configuration"
18,Systems Administrator,"Linux, Windows, Networking, Cloud Services, Troubleshooting"
19,IT Support Specialist,"Troubleshooting, Hardware Repair, Networking, Customer Service, Help Desk Software"
20,Blockchain Developer,"Solidity, Ethereum, Smart Contracts, Blockchain, Cryptography"
21,Cybersecurity Analyst,"Penetration Testing, Encryption, Security Audits, Risk Management, Vulnerability Assessment"
22,Data Engineer,"SQL, Hadoop, Spark, ETL, Data Warehousing"
23,Business Intelligence Analyst,"SQL, Tableau, Power BI, Data Analysis, Reporting"
24,SEO Specialist,"Keyword Research, SEO Tools, Google Analytics, On-Page SEO, Link Building"
25,Copywriter,"Content Creation, SEO, Editing, Copywriting, Proofreading"
26,Content Strategist,"Content Creation, SEO, Content Marketing, Analytics, Copywriting"
27,Product Designer,"Sketch, Adobe XD, Prototyping, UI Design, User Testing"
28,Digital Designer,"Graphic Design, Photoshop, Illustrator, Adobe XD, Animation"
29,Sales Engineer,"CRM, Sales Strategy, Presentations, Lead Generation, Negotiation"
30,Marketing Manager,"Marketing Strategy, Brand Management, Social Media, SEO, Campaign Management"
31,Account Manager,"Client Relations, Negotiation, Contract Management, Sales, Customer Support"
32,Financial Analyst,"Excel, Financial Modeling, Forecasting, Data Analysis, Accounting"
33,Project Manager,"Agile, Scrum, Leadership, Risk Management, Budgeting"
34,Scrum Master,"Scrum, Agile, Project Management, Leadership, Coaching"
35,HR Specialist,"Recruitment, Employee Relations, Onboarding, HR Software, Training"
36,Legal Counsel,"Contract Law, Corporate Law, Negotiation, Legal Research, Compliance"
37,Compliance Officer,"Regulations, Auditing, Risk Management, Compliance Reporting, Legal Affairs"
38,Tax Advisor,"Tax Law, Tax Preparation, Financial Planning, Accounting, Regulatory Compliance"
39,Logistics Manager,"Supply Chain, Logistics, Inventory Management, Warehousing, Freight Management"
40,Event Manager,"Event Planning, Coordination, Budgeting, Vendor Management, Marketing"
41,Operations Manager,"Operations Management, Process Improvement, Team Leadership, Strategic Planning, Budget Management"
42,Customer Service Representative,"Customer Support, Problem Solving, Communication, CRM Tools, Customer Engagement"
43,Research Analyst,"Data Analysis, Market Research, Statistical Analysis, Reporting, Presentation Skills"
44,Technical Writer,"Documentation, Writing, Editing, Research, Technical Knowledge"
45,Quality Manager,"Quality Assurance, Process Improvement, Risk Assessment, Leadership, Compliance"
46,Biomedical Engineer,"Medical Devices, Biomedical Engineering, Research, CAD, Data Analysis"
47,AI Research Scientist,"Machine Learning, Deep Learning, Neural Networks, Python, Research"
48,Robotics Engineer,"Robotics, Automation, Sensors, Actuators, Control Systems"
49,Game Developer,"Unity, Unreal Engine, Game Design, Programming, 3D Modeling"
50,Data Analyst,"Data Analysis, SQL, Excel, Tableau, Power BI"
51,Mobile App Developer,"Android, iOS, Flutter, React Native, UI/UX Design"
52,Systems Analyst,"System Analysis, SQL, Requirements Gathering, Technical Documentation, Problem Solving"
53,Technical Support Engineer,"Troubleshooting, Customer Support, Networking, System Administration, Help Desk Tools"
54,Embedded Systems Engineer,"Microcontrollers, C/C++, Embedded C, IoT, RTOS"
55,Mechatronics Engineer,"Robotics, Automation, Sensors, Mechanical Design, Control Systems"
56,Security Engineer,"Network Security, Encryption, Firewalls, Incident Response, Threat Modeling"
57,Data Visualization Specialist,"Tableau, Power BI, Data Analysis, Dashboard Design, SQL"
58,CRM Specialist,"Salesforce, CRM Tools, Customer Data Analysis, Lead Management, Customer Retention"
59,DevSecOps Engineer,"DevOps, Security, CI/CD, Cloud Security, Compliance"
60,Ethical Hacker,"Penetration Testing, Vulnerability Assessment, Cybersecurity, Network Security, Encryption"
61,Industrial Engineer,"Process Optimization, Lean Manufacturing, Supply Chain, Quality Control, CAD"
62,Video Editor,"Adobe Premiere Pro, Final Cut Pro, Video Editing, Motion Graphics, Color Grading"
63,Sound Engineer,"Audio Editing, Mixing, Pro Tools, Live Sound, Acoustics"
64,Urban Planner,"GIS, Urban Development, Zoning Laws, Project Management, Environmental Planning"
65,Renewable Energy Engineer,"Solar Energy, Wind Energy, Energy Storage, Electrical Design, Power Systems"
66,Pharmacologist,"Pharmacology, Drug Development, Research, Clinical Trials, Data Analysis"
67,Geneticist,"Genetics, Bioinformatics, Research, DNA Sequencing, Molecular Biology"
68,Agronomist,"Crop Management, Soil Science, Pest Control, Sustainable Agriculture, Data Analysis"
69,Materials Scientist,"Material Testing, Nanotechnology, Chemistry, Research, Data Analysis"
70,Aerospace Engineer,"Aerodynamics, CAD, Propulsion Systems, Structural Design, Simulation"
71,Environmental Scientist,"Environmental Analysis, Sustainability, Pollution Control, Research, GIS"
72,AI Ethicist,"Ethical AI, Policy Development, Bias Mitigation, Machine Learning, Data Privacy"
73,Fashion Designer,"Sketching, Textile Design, Pattern Making, Adobe Illustrator, Trend Analysis"
74,Supply Chain Analyst,"Logistics, Inventory Management, Demand Forecasting, ERP Systems, Data Analysis"
75,Civil Engineer,"Structural Design, AutoCAD, Construction Management, Surveying, Project Planning"
76,Data Privacy Officer,"GDPR Compliance, Risk Assessment, Data Governance, Privacy Policies, Cybersecurity"
77,Energy Auditor,"Energy Efficiency, Renewable Energy, HVAC Systems, Building Analysis, Reporting"
78,Animation Artist,"3D Animation, Maya, Blender, Storyboarding, Character Design"
79,Artificial Intelligence Trainer,"AI Model Training, NLP, Deep Learning, Frameworks (TensorFlow, PyTorch), Data Preprocessing"
80,Marine Biologist,"Marine Ecosystems, Research, Conservation, Data Collection, Environmental Analysis"
81,Linguist,"Language Analysis, Translation, NLP, Grammar, Phonetics"
82,Virtual Reality Developer,"Unity, Unreal Engine, VR Design, 3D Modeling, C#"
83,Archaeologist,"Excavation, Research, Artifact Analysis, GIS, Historical Preservation"
84,Social Media Manager,"Content Creation, Social Media Tools, Analytics, Branding, Community Engagement"
85,Biostatistician,"Statistical Analysis, Data Modeling, Clinical Research, SAS, R"
86,Automotive Engineer,"CAD, Vehicle Dynamics, Powertrain, Mechanical Design, Testing"
87,Oceanographer,"Oceanic Research, Data Collection, GIS, Environmental Analysis, Modeling"
88,Interior Designer,"Space Planning, AutoCAD, 3D Rendering, Aesthetics, Client Communication"
89,Astronomer,"Astrophysics, Research, Data Analysis, Telescope Operations, Computational Modeling"
90,Environmental Lawyer,"Environmental Law, Legal Research, Negotiation, Compliance, Advocacy"
91,Art Director,"Creative Direction, Graphic Design, Branding, Team Leadership, Adobe Suite"
92,Bioinformatician,"Genomics, Data Analysis, Bioinformatics Tools, Python, R"
93,Food Scientist,"Food Safety, Product Development, Chemistry, Quality Control, Sensory Analysis"
94,Geospatial Analyst,"GIS, Remote Sensing, Data Visualization, Cartography, Spatial Data Analysis"
95,Audio Producer,"Sound Editing, Music Production, Podcast Editing, Mixing, Studio Equipment"
96,Meteorologist,"Weather Forecasting, Climate Analysis, Data Modeling, GIS, Research"
97,Event Coordinator,"Scheduling, Vendor Management, Budgeting, Marketing, Communication"
98,Legal Analyst,"Legal Research, Case Analysis, Compliance, Contract Review, Reporting"
99,Conservation Scientist,"Environmental Policy, Natural Resource Management, Data Collection, Ecology, GIS"
100,Renewable Energy Consultant,"Energy Audits, Renewable Systems Design, Financial Analysis, Regulatory Compliance, Reporting"
101,IoT Solutions Architect,"IoT Protocols (MQTT, CoAP), Cloud Integration, System Design, Edge Computing, Security"
102,Blockchain Architect,"Smart Contracts, DLT (Distributed Ledger Technology), Hyperledger, Ethereum, Consensus Mechanisms"
103,Cyber Threat Analyst,"Threat Hunting, Malware Analysis, Intrusion Detection, SIEM Tools, Vulnerability Assessment"
104,IoT Security Specialist,"IoT Device Security, Firmware Analysis, Secure Boot, PKI, Network Security"
105,Blockchain Developer,"Solidity, Ethereum, Hyperledger, Smart Contracts, Cryptography"
106,Penetration Tester,"Ethical Hacking, Vulnerability Scanning, Kali Linux, Exploitation, Reporting"
107,IoT Developer,"Embedded Systems, Microcontrollers, Sensor Integration, Python, IoT Frameworks (AWS IoT, Azure IoT)"
108,Cybersecurity Consultant,"Risk Assessment, Security Frameworks, Incident Response, Compliance, Encryption"
109,Blockchain Security Engineer,"Smart Contract Auditing, Key Management, Blockchain Penetration Testing, Risk Analysis"
110,IoT Data Analyst,"Data Collection, IoT Analytics, Time-Series Analysis, Cloud Integration, Dashboard Design"
